use sys;
create database social;
use social;
CREATE TABLE Users (
    user_id INT PRIMARY KEY,
    username VARCHAR(255) UNIQUE NOT NULL,
    full_name VARCHAR(255),
    email VARCHAR(255),
    date_joined DATE,
    last_login DATE,
    profile_picture_url VARCHAR(255),
    bio TEXT
);
CREATE TABLE Posts (
    post_id INT PRIMARY KEY,
    user_id INT,
    content TEXT,
    date_posted DATETIME,
    FOREIGN KEY (user_id) REFERENCES Users(user_id)
);
CREATE TABLE Comments (
    comment_id INT PRIMARY KEY,
    user_id INT,
    post_id INT,
    content TEXT,
    date_commented DATETIME,
    FOREIGN KEY (user_id) REFERENCES Users(user_id),
    FOREIGN KEY (post_id) REFERENCES Posts(post_id)
);
INSERT INTO Users (user_id, username, full_name, email, date_joined, last_login, profile_picture_url, bio) VALUES
(1, 'user1', 'User One', 'user1@example.com', '2023-01-01', '2023-01-01', 'https://example.com/profile/user1.jpg', 'Welcome to my profile!'),
(2, 'user2', 'User Two', 'user2@example.com', '2023-01-02', '2023-01-02', 'https://example.com/profile/user2.jpg', 'Hello, everyone!'),
(3, 'user3', 'User Three', 'user3@example.com', '2023-01-03', '2023-01-03', 'https://example.com/profile/user3.jpg', 'Nice to meet you all!'),
(4, 'user4', 'User Four', 'user4@example.com', '2023-01-04', '2023-01-04', 'https://example.com/profile/user4.jpg', 'I love social media!'),
(5, 'user5', 'User Five', 'user5@example.com', '2023-01-05', '2023-01-05', 'https://example.com/profile/user5.jpg', 'Follow me for updates!'),
(6, 'user6', 'User Six', 'user6@example.com', '2023-01-06', '2023-01-06', 'https://example.com/profile/user6.jpg', 'Excited to be here!'),
(7, 'user7', 'User Seven', 'user7@example.com', '2023-01-07', '2023-01-07', 'https://example.com/profile/user7.jpg', 'Let''s connect!'),
(8, 'user8', 'User Eight', 'user8@example.com', '2023-01-08', '2023-01-08', 'https://example.com/profile/user8.jpg', 'Looking forward to meeting new people!'),
(9, 'user9', 'User Nine', 'user9@example.com', '2023-01-09', '2023-01-09', 'https://example.com/profile/user9.jpg', 'Follow me for interesting content!'),
(10, 'user10', 'User Ten', 'user10@example.com', '2023-01-10', '2023-01-10', 'https://example.com/profile/user10.jpg', 'Excited to share my experiences!'),
(11, 'user11', 'User Eleven', 'user11@example.com', '2023-01-11', '2023-01-11', 'https://example.com/profile/user11.jpg', 'Just living my best life!'),
(12, 'user12', 'User Twelve', 'user12@example.com', '2023-01-12', '2023-01-12', 'https://example.com/profile/user12.jpg', 'Follow me for travel adventures!'),
(13, 'user13', 'User Thirteen', 'user13@example.com', '2023-01-13', '2023-01-13', 'https://example.com/profile/user13.jpg', 'Tech enthusiast and blogger!'),
(14, 'user14', 'User Fourteen', 'user14@example.com', '2023-01-14', '2023-01-14', 'https://example.com/profile/user14.jpg', 'Lover of books and coffee!'),
(15, 'user15', 'User Fifteen', 'user15@example.com', '2023-01-15', '2023-01-15', 'https://example.com/profile/user15.jpg', 'Artist and dreamer!'),
(16, 'user16', 'User Sixteen', 'user16@example.com', '2023-01-16', '2023-01-16', 'https://example.com/profile/user16.jpg', 'Fitness enthusiast!'),
(17, 'user17', 'User Seventeen', 'user17@example.com', '2023-01-17', '2023-01-17', 'https://example.com/profile/user17.jpg', 'Adventure seeker!'),
(18, 'user18', 'User Eighteen', 'user18@example.com', '2023-01-18', '2023-01-18', 'https://example.com/profile/user18.jpg', 'Foodie at heart!'),
(19, 'user19', 'User Nineteen', 'user19@example.com', '2023-01-19', '2023-01-19', 'https://example.com/profile/user19.jpg', 'Fashion lover and blogger!'),
(20, 'user20', 'User Twenty', 'user20@example.com', '2023-01-20', '2023-01-20', 'https://example.com/profile/user20.jpg', 'Traveling the world!'),
(21, 'user21', 'User Twenty-One', 'user21@example.com', '2023-01-21', '2023-01-21', 'https://example.com/profile/user21.jpg', 'Living life to the fullest!'),
(22, 'user22', 'User Twenty-Two', 'user22@example.com', '2023-01-22', '2023-01-22', 'https://example.com/profile/user22.jpg', 'Follow me for daily inspiration!'),
(23, 'user23', 'User Twenty-Three', 'user23@example.com', '2023-01-23', '2023-01-23', 'https://example.com/profile/user23.jpg', 'Tech geek!'),
(24, 'user24', 'User Twenty-Four', 'user24@example.com', '2023-01-24', '2023-01-24', 'https://example.com/profile/user24.jpg', 'Coffee addict!'),
(25, 'user25', 'User Twenty-Five', 'user25@example.com', '2023-01-25', '2023-01-25', 'https://example.com/profile/user25.jpg', 'In love with nature!'),
(26, 'user26', 'User Twenty-Six', 'user26@example.com', '2023-01-26', '2023-01-26', 'https://example.com/profile/user26.jpg', 'Animal lover!'),
(27, 'user27', 'User Twenty-Seven', 'user27@example.com', '2023-01-27', '2023-01-27', 'https://example.com/profile/user27.jpg', 'Music enthusiast!'),
(28, 'user28', 'User Twenty-Eight', 'user28@example.com', '2023-01-28', '2023-01-28', 'https://example.com/profile/user28.jpg', 'Tech entrepreneur!'),
(29, 'user29', 'User Twenty-Nine', 'user29@example.com', '2023-01-29', '2023-01-29', 'https://example.com/profile/user29.jpg', 'Coffee lover!'),
(30, 'user30', 'User Thirty', 'user30@example.com', '2023-01-30', '2023-01-30', 'https://example.com/profile/user30.jpg', 'Adventure awaits!'),
(31, 'user31', 'User Thirty-One', 'user31@example.com', '2023-01-31', '2023-01-31', 'https://example.com/profile/user31.jpg', 'Art lover!'),
(32, 'user32', 'User Thirty-Two', 'user32@example.com', '2023-02-01', '2023-02-01', 'https://example.com/profile/user32.jpg', 'Fitness freak!'),
(33, 'user33', 'User Thirty-Three', 'user33@example.com', '2023-02-02', '2023-02-02', 'https://example.com/profile/user33.jpg', 'Technology addict!'),
(34, 'user34', 'User Thirty-Four', 'user34@example.com', '2023-02-03', '2023-02-03', 'https://example.com/profile/user34.jpg', 'Bookworm!'),
(35, 'user35', 'User Thirty-Five', 'user35@example.com', '2023-02-04', '2023-02-04', 'https://example.com/profile/user35.jpg', 'Nature lover!'),
(36, 'user36', 'User Thirty-Six', 'user36@example.com', '2023-02-05', '2023-02-05', 'https://example.com/profile/user36.jpg', 'Fitness enthusiast!'),
(37, 'user37', 'User Thirty-Seven', 'user37@example.com', '2023-02-06', '2023-02-06', 'https://example.com/profile/user37.jpg', 'Art lover!'),
(38, 'user38', 'User Thirty-Eight', 'user38@example.com', '2023-02-07', '2023-02-07', 'https://example.com/profile/user38.jpg', 'Tech enthusiast!'),
(39, 'user39', 'User Thirty-Nine', 'user39@example.com', '2023-02-08', '2023-02-08', 'https://example.com/profile/user39.jpg', 'Travel enthusiast!'),
(40, 'user40', 'User Forty', 'user40@example.com', '2023-02-09', '2023-02-09', 'https://example.com/profile/user40.jpg', 'Coffee lover!'),
(41, 'user41', 'User Forty-One', 'user41@example.com', '2023-02-10', '2023-02-10', 'https://example.com/profile/user41.jpg', 'Tech enthusiast!'),
(42, 'user42', 'User Forty-Two', 'user42@example.com', '2023-02-11', '2023-02-11', 'https://example.com/profile/user42.jpg', 'Art lover!'),
(43, 'user43', 'User Forty-Three', 'user43@example.com', '2023-02-12', '2023-02-12', 'https://example.com/profile/user43.jpg', 'Nature lover!'),
(44, 'user44', 'User Forty-Four', 'user44@example.com', '2023-02-13', '2023-02-13', 'https://example.com/profile/user44.jpg', 'Fitness enthusiast!'),
(45, 'user45', 'User Forty-Five', 'user45@example.com', '2023-02-14', '2023-02-14', 'https://example.com/profile/user45.jpg', 'Foodie at heart!'),
(46, 'user46', 'User Forty-Six', 'user46@example.com', '2023-02-15', '2023-02-15', 'https://example.com/profile/user46.jpg', 'Tech geek!'),
(47, 'user47', 'User Forty-Seven', 'user47@example.com', '2023-02-16', '2023-02-16', 'https://example.com/profile/user47.jpg', 'Coffee addict!'),
(48, 'user48', 'User Forty-Eight', 'user48@example.com', '2023-02-17', '2023-02-17', 'https://example.com/profile/user48.jpg', 'Travel lover!'),
(49, 'user49', 'User Forty-Nine', 'user49@example.com', '2023-02-18', '2023-02-18', 'https://example.com/profile/user49.jpg', 'Nature explorer!'),
(50, 'user50', 'User Fifty', 'user50@example.com', '2023-02-19', '2023-02-19', 'https://example.com/profile/user50.jpg', 'I enjoy connecting with others!');
INSERT INTO Posts (post_id, user_id, content, date_posted) VALUES
(1, 1, 'This is my first post!', '2023-01-01 09:00:00'),
(2, 2, 'Just testing out the new feature.', '2023-01-02 10:30:00'),
(3, 3, 'Hello world!', '2023-01-03 11:45:00'),
(4, 4, 'Feeling excited today!', '2023-01-04 13:15:00'),
(5, 5, 'Check out my latest blog post!', '2023-01-05 14:30:00'),
(6, 6, 'Ready for the weekend!', '2023-01-06 16:00:00'),
(7, 7, 'New beginnings!', '2023-01-07 17:20:00'),
(8, 8, 'Exploring new opportunities.', '2023-01-08 18:45:00'),
(9, 9, 'Sharing some travel memories.', '2023-01-09 20:10:00'),
(10, 10, 'Enjoying the sunset.', '2023-01-10 21:35:00'),
(11, 11, 'Coffee time!', '2023-01-11 22:50:00'),
(12, 12, 'Tech updates.', '2023-01-12 23:59:00'),
(13, 13, 'Art appreciation.', '2023-01-13 00:00:00'),
(14, 14, 'Book recommendations.', '2023-01-14 01:20:00'),
(15, 15, 'Nature walks.', '2023-01-15 02:40:00'),
(16, 16, 'Fitness motivation.', '2023-01-16 03:55:00'),
(17, 17, 'Adventure awaits!', '2023-01-17 05:10:00'),
(18, 18, 'Foodie adventures.', '2023-01-18 06:30:00'),
(19, 19, 'Fashion trends.', '2023-01-19 07:45:00'),
(20, 20, 'Travel diaries.', '2023-01-20 09:00:00'),
(21, 21, 'Living life to the fullest!', '2023-01-21 10:15:00'),
(22, 22, 'Daily inspiration.', '2023-01-22 11:30:00'),
(23, 23, 'Tech reviews.', '2023-01-23 12:45:00'),
(24, 24, 'Coffee addiction.', '2023-01-24 14:00:00'),
(25, 25, 'Nature lover!', '2023-01-25 15:15:00'),
(26, 26, 'Animal love!', '2023-01-26 16:30:00'),
(27, 27, 'Music vibes.', '2023-01-27 17:45:00'),
(28, 28, 'Startup updates.', '2023-01-28 19:00:00'),
(29, 29, 'Coffee enthusiast.', '2023-01-29 20:15:00'),
(30, 30, 'Adventure seeker!', '2023-01-30 21:30:00'),
(31, 31, 'Art lover!', '2023-01-31 22:45:00'),
(32, 32, 'Fitness freak!', '2023-02-01 00:00:00'),
(33, 33, 'Tech addict!', '2023-02-02 01:15:00'),
(34, 34, 'Bookworm!', '2023-02-03 02:30:00'),
(35, 35, 'Nature enthusiast!', '2023-02-04 03:45:00'),
(36, 36, 'Fitness enthusiast!', '2023-02-05 05:00:00'),
(37, 37, 'Art addict!', '2023-02-06 06:15:00'),
(38, 38, 'Tech lover!', '2023-02-07 07:30:00'),
(39, 39, 'Travel lover!', '2023-02-08 08:45:00'),
(40, 40, 'Coffee lover!', '2023-02-09 10:00:00'),
(41, 41, 'Tech enthusiast!', '2023-02-10 11:15:00'),
(42, 42, 'Art enthusiast!', '2023-02-11 12:30:00'),
(43, 43, 'Nature explorer!', '2023-02-12 13:45:00'),
(44, 44, 'Fitness addict!', '2023-02-13 15:00:00'),
(45, 45, 'Food lover!', '2023-02-14 16:15:00'),
(46, 46, 'Tech geek!', '2023-02-15 17:30:00'),
(47, 47, 'Coffee addict!', '2023-02-16 18:45:00'),
(48, 48, 'Travel enthusiast!', '2023-02-17 20:00:00'),
(49, 49, 'Nature lover!', '2023-02-18 21:15:00'),
(50, 50, 'Connection is key!', '2023-02-19 22:30:00');
INSERT INTO Comments (comment_id, post_id, user_id, content, date_commented) VALUES
(1, 1, 2, 'Nice post!', '2023-01-01 09:15:00'),
(2, 2, 3, 'Great job!', '2023-01-02 10:35:00'),
(3, 3, 4, 'Hello from the other side!', '2023-01-03 11:50:00'),
(4, 4, 5, 'Excited for you!', '2023-01-04 13:20:00'),
(5, 5, 6, 'Looking forward to it!', '2023-01-05 14:35:00'),
(6, 6, 7, 'Have a great time!', '2023-01-06 16:05:00'),
(7, 7, 8, 'Congratulations!', '2023-01-07 17:25:00'),
(8, 8, 9, 'Keep up the good work!', '2023-01-08 18:50:00'),
(9, 9, 10, 'Amazing!', '2023-01-09 20:15:00'),
(10, 10, 11, 'Beautiful!', '2023-01-10 21:40:00'),
(11, 11, 12, 'Awesome!', '2023-01-11 22:55:00'),
(12, 12, 13, 'Impressive!', '2023-01-12 23:59:00'),
(13, 13, 14, 'Fantastic!', '2023-01-13 00:10:00'),
(14, 14, 15, 'Inspirational!', '2023-01-14 01:25:00'),
(15, 15, 16, 'Motivating!', '2023-01-15 02:45:00'),
(16, 16, 17, 'Encouraging!', '2023-01-16 04:00:00'),
(17, 17, 18, 'Supportive!', '2023-01-17 05:15:00'),
(18, 18, 19, 'Positive vibes!', '2023-01-18 06:35:00'),
(19, 19, 20, 'Thumbs up!', '2023-01-19 07:50:00'),
(20, 20, 21, 'High five!', '2023-01-20 09:05:00'),
(21, 21, 22, 'Way to go!', '2023-01-21 10:20:00'),
(22, 22, 23, 'Keep shining!', '2023-01-22 11:35:00'),
(23, 23, 24, 'You got this!', '2023-01-23 12:50:00'),
(24, 24, 25, 'Proud of you!', '2023-01-24 14:05:00'),
(25, 25, 26, 'Well done!', '2023-01-25 15:20:00'),
(26, 26, 27, 'You are amazing!', '2023-01-26 16:35:00'),
(27, 27, 28, 'You rock!', '2023-01-27 17:50:00'),
(28, 28, 29, 'Great achievement!', '2023-01-28 19:05:00'),
(29, 29, 30, 'Fantastic progress!', '2023-01-29 20:20:00'),
(30, 30, 31, 'Inspiring journey!', '2023-01-30 21:35:00'),
(31, 31, 32, 'Amazing transformation!', '2023-01-31 22:50:00'),
(32, 32, 33, 'Keep it up!', '2023-02-01 00:05:00'),
(33, 33, 34, 'You inspire us!', '2023-02-02 01:20:00'),
(34, 34, 35, 'Well deserved!', '2023-02-03 02:35:00'),
(35, 35, 36, 'Impressive progress!', '2023-02-04 03:50:00'),
(36, 36, 37, 'Amazing dedication!', '2023-02-05 05:05:00'),
(37, 37, 38, 'You are a role model!', '2023-02-06 06:20:00'),
(38, 38, 39, 'So inspiring!', '2023-02-07 07:35:00'),
(39, 39, 40, 'You inspire greatness!', '2023-02-08 08:50:00'),
(40, 40, 41, 'Fantastic job!', '2023-02-09 10:05:00'),
(41, 41, 42, 'You are a superstar!', '2023-02-10 11:20:00'),
(42, 42, 43, 'Bravo!', '2023-02-11 12:35:00'),
(43, 43, 44, 'Standing ovation!', '2023-02-12 13:50:00'),
(44, 44, 45, 'Round of applause!', '2023-02-13 15:05:00'),
(45, 45, 46, 'Incredible effort!', '2023-02-14 16:20:00'),
(46, 46, 47, 'Unbelievable!', '2023-02-15 17:35:00'),
(47, 47, 48, 'Outstanding work!', '2023-02-16 18:50:00'),
(48, 48, 49, 'Remarkable progress!', '2023-02-17 20:05:00'),
(49, 49, 50, 'You make it look easy!', '2023-02-18 21:20:00'),
(50, 50, 1, 'You are an inspiration!', '2023-02-19 22:35:00');
select *from Users;
select *from Posts;
select *from Comments;
